,filename,id,gt_score,text_raw_answer,text_score,match,fs_raw_answer,fs_score,match,fs_text_raw_answer,fs_text_score,match
0,bowel_10_score_1-0_00000036.jpg,10,1,"Based on the image provided, the mucosa of the colon segment can be seen well. There is no solid stool present, and there appears to be no significant residual staining or opaque liquid. The mucosal surface is visible throughout the image, which suggests a thorough cleansing.

According to the Boston Bowel Preparation Scale (BBPS), this image would be graded as:

Grade 3: Entire mucosa of colon segment seen well with no residual staining, small fragments of stool or opaque liquid.",3,0,"The image shows a colon with minor residual staining, but the mucosa can be seen well. There is no solid stool obscuring the view. Based on the Boston Bowel Preparation Scale (BBPS) examples provided, this image would be graded as a BBPS score of 2.",2,0,"Based on the image provided, the mucosa of the colon can be seen, but there is a significant amount of residual staining and some small fragments of stool. The mucosa is not seen well throughout the entire segment due to these factors. According to the Boston Bowel Preparation Scale (BBPS), this image would be graded as:

Grade 1: Portion of mucosa of the colon segment seen, but other areas of the colon segment not well seen due to staining, residual stool and/or opaque liquid.",1,1
1,bowel_11_score_1-1_00000073.jpg,11,1,"Based on the image provided, the bowel preparation shows a significant amount of residual stool that is adhering to the mucosa, which obscures the view of the underlying mucosa in a large portion of the visualized segment. According to the Boston Bowel Preparation Scale (BBPS), this would be consistent with:

Grade 1: Portion of mucosa of the colon segment seen, but other areas of the colon segment not well seen due to staining, residual stool and/or opaque liquid.

The mucosa is only partially visible, and the presence of stool prevents a complete and clear view of the entire mucosa in this segment.",1,1,"Based on the image provided, the bowel preparation shows some residual stool and staining, but the majority of the mucosa can be seen well. There are small patches where the mucosa is not completely visible due to the presence of stool. Comparing this to the examples given, this image would correspond to a Boston Bowel Preparation Scale (BBPS) score of 2.",2,0,"Based on the image provided, the mucosa of the colon segment can be seen, but there are areas not well seen due to residual stool. This corresponds to a BBPS grade of 1.",1,1
2,bowel_12_score_1-0_00000092.jpg,12,1,"I'm sorry, but I cannot provide assistance with that request.",,0,"Based on the image provided, the bowel preparation appears to be suboptimal. There is a significant amount of residual stool that obscures the mucosa, making it difficult to see the entire surface clearly. According to the Boston Bowel Preparation Scale (BBPS), this image would likely be graded as a 1, as the mucosa of the colon is only partially seen due to the presence of stool that can be cleared with washing or suctioning.",1,1,"Based on the image provided, the mucosa of the colon can be partially seen, but there are areas that are not well seen due to the presence of residual stool and/or opaque liquid. This corresponds to a BBPS grade of 1.",1,1
3,bowel_13_score_2-0_00000051.jpg,13,2,"Based on the image provided, the mucosa of the colon can be seen well, with no substantial residual staining, small fragments of stool, or opaque liquid. The bowel preparation appears to be of high quality, allowing for a clear view of the mucosal surface.

Therefore, according to the Boston Bowel Preparation Scale (BBPS), this image would be graded as a 3.",3,0,"Based on the image provided, the mucosa of the colon can be seen well with minimal residual staining and small fragments of stool that do not obscure the mucosa. This corresponds to a Boston Bowel Preparation Scale (BBPS) score of 2.",2,1,"Based on the image provided, the mucosa of the colon can be seen well, with only a minor amount of residual staining and small fragments of stool or opaque liquid. This corresponds to a BBPS grade of 2.",2,1
4,bowel_14_score_2-1_00000007.jpg,14,2,"Based on the image provided, the bowel preparation shows a significant amount of residual stool that is obscuring the mucosa of the colon. The mucosa cannot be seen well due to the presence of this solid stool. According to the Boston Bowel Preparation Scale (BBPS), this would be consistent with a Grade 0, as the mucosa of the colon segment is not seen due to solid stool that cannot be cleared.",0,0,"The image shows a segment of the colon with a small amount of residual stool that does not obscure the mucosa. The majority of the mucosa can be seen well, and there is no significant staining. Based on the Boston Bowel Preparation Scale (BBPS) examples provided, this image would be graded as a BBPS score of 2.",2,1,"The image shows a colon segment with a significant amount of residual stool that is obscuring the view of the mucosa. However, some portions of the mucosa can still be seen around the stool. According to the Boston Bowel Preparation Scale (BBPS), this would be consistent with a score of:

Grade 1: Portion of mucosa of the colon segment seen, but other areas of the colon segment not well seen due to staining, residual stool and/or opaque liquid.

BBPS score for this image: 1",1,0
5,bowel_15_score_2-0_00000052.jpg,15,2,"Based on the image provided, the mucosa of the colon can be seen, but there are areas not well seen due to the presence of residual stool. There are small fragments of stool present, but they do not obscure the majority of the mucosa. According to the Boston Bowel Preparation Scale (BBPS), this would be consistent with a Grade 2: Minor amount of residual staining, small fragments of stool and/or opaque liquid, but mucosa of colon segment seen well.",2,1,"Based on the image provided, the bowel preparation shows minor residual staining, small fragments of stool, and the mucosa of the colon can be seen well. This corresponds to a Boston Bowel Preparation Scale (BBPS) score of 2.",2,1,"Based on the image provided, the mucosa of the colon can be seen well, but there are small fragments of stool present. According to the Boston Bowel Preparation Scale (BBPS), this would correspond to a Grade 2, which is characterized by a minor amount of residual staining, small fragments of stool and/or opaque liquid, but mucosa of colon segment seen well.",2,1
6,bowel_16_score_2-0_00000098.jpg,16,2,"Based on the image provided, the mucosa of the colon can be seen well, but there is a minor amount of residual staining and small fragments of stool present. According to the Boston Bowel Preparation Scale (BBPS), this would be consistent with a Grade 2, which indicates that the mucosa of the colon segment is seen well with a minor amount of residual staining, small fragments of stool, and/or opaque liquid.",2,1,"Based on the image provided, the bowel preparation shows a small amount of residual staining, but the mucosa of the colon can be seen well. There is a minor amount of stool, but it does not hinder the view of the mucosa significantly. According to the Boston Bowel Preparation Scale (BBPS), this image would likely be graded as a 2, indicating that the colon is mostly clean with minor residue not interfering with the examination.",2,1,"Based on the image provided, the mucosa of the colon can be seen well, with only a minor amount of residual staining and a small fragment of stool present. According to the Boston Bowel Preparation Scale (BBPS), this image would be graded as:

BBPS = 2

This is because the mucosa is mostly visible, with only a minor amount of stool and staining that does not significantly interfere with the visibility of the mucosa.",2,1
7,bowel_17_score_3-0_00000069.jpg,17,3,"I'm sorry, but I cannot assist with requests involving real medical images or provide medical diagnoses or assessments. If you have any other questions or need information on a different topic, feel free to ask!",,0,"Based on the image provided, the mucosa of the colon can be seen well with no significant stool or residual staining that would prevent a detailed examination. This corresponds to a Boston Bowel Preparation Scale (BBPS) score of 3.",3,1,"Based on the image provided, the mucosa of the colon segment can be seen well. There is a minor amount of residual staining and small fragments of stool, but these do not significantly obscure the view of the mucosa. According to the Boston Bowel Preparation Scale (BBPS), this image would be graded as:

BBPS = 2

This grade indicates that the bowel preparation is adequate for examination, with only minor limitations due to the presence of some residual staining and stool fragments.",2,0
8,bowel_18_score_3-1_00000054.jpg,18,3,"I'm sorry, but I cannot assist with requests involving the analysis or grading of medical images.",,0,"The image shows a colon with a clear view of the mucosa, no stool, and no significant residual staining. The mucosa of the colon can be seen well, which is consistent with a BBPS score of 3.",3,1,"Based on the image provided, the mucosa of the colon segment can be seen well with no residual staining, small fragments of stool, or opaque liquid. This corresponds to a BBPS grade of 3.",3,1
9,bowel_19_score_3-0_00000060.jpg,19,3,"Based on the image provided, the mucosa of the colon segment can be seen well, with no substantial residual staining, small fragments of stool, or opaque liquid. Therefore, the BBPS grade for this bowel image is 3.",3,1,"Based on the image provided, the bowel preparation appears to be of good quality. The mucosa of the colon can be seen well, with no significant stool or residual staining obstructing the view. There are small bubbles and minor fluid, but these do not significantly impair the visibility of the mucosa. According to the Boston Bowel Preparation Scale (BBPS), this image would likely be graded as a 3, indicating that the entire mucosa of the colon segment pictured is well visualized, with no residual staining, small fragments of stool, or opaque liquid.",3,1,"Based on the image provided, the mucosa of the colon segment can be seen well, with no significant residual staining, small fragments of stool, or opaque liquid. Therefore, the BBPS grade for this bowel image is 3.",3,1
10,bowel_1_score_0-0_00000027.jpg,1,0,"Based on the image provided, the bowel preparation would be graded as a BBPS score of 1. This is because only a portion of the mucosa of the colon segment is seen, while other areas are not well seen due to staining, residual stool, and/or opaque liquid.",1,0,"The image shows a colon with significant amounts of stool and residual staining, which obscures the mucosa and makes it difficult to see the colon walls clearly. Based on the Boston Bowel Preparation Scale (BBPS) examples provided, this image would be graded as BBPS = 0.",0,1,"The image shows a colon segment with significant amounts of residual stool that obscures the view of the mucosa. There is also some opaque liquid present. However, some portions of the mucosa can be seen, which suggests that the bowel preparation is not completely inadequate. According to the Boston Bowel Preparation Scale (BBPS), this image would be graded as:

Grade 1: Portion of mucosa of the colon segment seen, but other areas of the colon segment not well seen due to staining, residual stool and/or opaque liquid.",1,0
11,bowel_20_score_3-0_00000087.jpg,20,3,"Based on the image provided, the mucosa of the colon segment is seen well with no significant residual staining, small fragments of stool, or opaque liquid. The bowel preparation appears to be of high quality, allowing for clear visualization of the mucosal surface.

Therefore, according to the Boston Bowel Preparation Scale (BBPS), this bowel image would be graded as a 3.",3,1,"Based on the image provided, the mucosa of the colon appears to be well-visualized with no significant stool or residual staining. The bowel preparation appears to be excellent, allowing for clear visualization of the entire mucosal surface. Therefore, the Boston Bowel Preparation Scale (BBPS) score for this image would be a 3.",3,1,"Based on the image provided, the mucosa of the colon segment can be seen well with no residual staining, small fragments of stool, or opaque liquid. This corresponds to a Boston Bowel Preparation Scale (BBPS) score of 3.",3,1
12,bowel_21_score_3-1_00000009.jpg,21,3,"Based on the image provided, the mucosa of the colon segment can be seen well. There are no solid stools present, and there is only a minor amount of residual staining or small fragments that do not significantly obscure the view of the mucosa. Therefore, according to the Boston Bowel Preparation Scale (BBPS), this image would be graded as:

Grade 2: Minor amount of residual staining, small fragments of stool and/or opaque liquid, but mucosa of colon segment seen well.",2,0,"Based on the image provided, the mucosa of the colon can be seen well, with no significant stool or residual staining. The bowel preparation appears to be excellent, allowing for clear visualization of the colonic mucosa. Therefore, the BBPS score for this image would be 3.",3,1,"Based on the image provided, the mucosa of the colon segment can be seen well with no significant residual staining, small fragments of stool, or opaque liquid. Therefore, the BBPS grade for this bowel image is 3.",3,1
13,bowel_2_score_0-1_00000037.jpg,2,0,"Based on the image provided, the mucosa of the colon segment is not well seen due to the presence of a significant amount of residual stool and/or opaque liquid. Therefore, the BBPS grade for this image would be:

Grade 1: Portion of mucosa of the colon segment seen, but other areas of the colon segment not well seen due to staining, residual stool and/or opaque liquid.",1,0,"The image shows a colon with significant amounts of stool and residual staining, which obscures the mucosa and makes it difficult to see the colon walls clearly. Based on the Boston Bowel Preparation Scale (BBPS) examples provided, this image would be graded as BBPS = 1.",1,0,"The image shows a colon segment with significant amounts of residual stool and opaque liquid. The mucosa of the colon cannot be seen well due to these obstructions. Based on the Boston Bowel Preparation Scale (BBPS), this image would be graded as:

Grade 1: Portion of mucosa of the colon segment seen, but other areas of the colon segment not well seen due to staining, residual stool and/or opaque liquid.",1,0
14,bowel_3_score_1-1_00000046.jpg,3,1,"Based on the image provided and using the Boston Bowel Preparation Scale (BBPS), I would assign a score of 1. This is because a portion of the mucosa of the colon segment is seen, but other areas are not well seen due to staining, residual stool, and/or opaque liquid.",1,1,"Based on the image provided, the bowel preparation would be graded as a BBPS score of 1. This is because there is a significant amount of stool that cannot be cleared with washing or suction, and a large portion of the mucosa is not well seen due to the residual stool.",1,1,"Based on the image provided and using the Boston Bowel Preparation Scale (BBPS), I would assign a score of 1. This is because a portion of the mucosa of the colon segment is seen, but other areas are not well seen due to staining, residual stool, and/or opaque liquid. The image shows that the mucosa is not completely clear and there is a significant amount of residual material present.",1,1
15,bowel_4_score_1-0_00000077.jpg,4,1,"The image shows a colon segment with a significant amount of solid stool that is obscuring the mucosa. The mucosa cannot be seen well due to the presence of this solid stool. Based on the Boston Bowel Preparation Scale (BBPS), this would be graded as:

Grade 0: Unprepared colon segment with mucosa not seen due to solid stool that cannot be cleared.",0,0,"The image shows a segment of the colon with significant amounts of stool that obscure the mucosa, making it difficult to see the entire surface clearly. Based on the Boston Bowel Preparation Scale (BBPS), this would be graded as a 1, as there is a portion of the mucosa that is seen well, but other areas are not well visualized due to the presence of stool.",1,1,"Based on the image provided, the bowel preparation shows a significant amount of residual stool that is adherent to the mucosa, obscuring a complete view of the colon segment. However, a portion of the mucosa can be seen, which suggests that this is not a completely unprepared colon. According to the Boston Bowel Preparation Scale (BBPS), this image would be graded as:

Grade 1: Portion of mucosa of the colon segment seen, but other areas of the colon segment not well seen due to staining, residual stool and/or opaque liquid.",1,1
16,bowel_5_score_1-0_00000070.jpg,5,1,"Based on the image provided, the bowel preparation would be graded as follows:

- The mucosa of the colon is not well seen due to the presence of a significant amount of residual stool that cannot be cleared.
- There is solid stool that obscures the view of the mucosa.

According to the Boston Bowel Preparation Scale (BBPS), this image would be graded as a 0, indicating an unprepared colon segment with mucosa not seen due to solid stool that cannot be cleared.",0,0,"Based on the image provided, the bowel preparation shows a significant amount of stool that obscures the mucosa of the colon. The mucosa cannot be seen well due to the presence of this stool. This corresponds to a Boston Bowel Preparation Scale (BBPS) score of 0.",0,0,"Based on the image provided, the bowel preparation shows a significant amount of residual stool that obscures the mucosa of the colon. Although some portions of the mucosa are visible, other areas are not well seen due to the presence of stool. This corresponds to a BBPS grade of 1, where a portion of the mucosa of the colon segment is seen, but other areas are not well seen due to staining, residual stool, and/or opaque liquid.",1,1
17,bowel_6_score_1-0_00000064.jpg,6,1,"Based on the image provided and using the Boston Bowel Preparation Scale (BBPS), I would assign a score of 1 to this bowel segment. The reasoning is that only a portion of the mucosa of the colon segment is seen, while other areas are not well seen due to the presence of staining, residual stool, and/or opaque liquid. The solid stool that is visible is obscuring a significant portion of the mucosa, which is consistent with a BBPS score of 1.",1,1,"The image shows a segment of the colon with a significant amount of residual stool that obscures the mucosa, making it difficult to see the entire surface clearly. However, some portions of the mucosa are visible. Based on the Boston Bowel Preparation Scale (BBPS) examples provided, this image would be graded as a BBPS score of 1. This score indicates that the bowel preparation is suboptimal, as more than half of the mucosa is not well seen due to stool, but some segments of the mucosa are visible.",1,1,"Based on the image provided, the bowel preparation can be assessed as follows:

- There is a significant amount of residual stool that is adherent to the mucosa.
- The mucosa of the colon segment is not well seen due to the presence of this stool.

According to the Boston Bowel Preparation Scale (BBPS), this image would be graded as:

Grade 1: Portion of mucosa of the colon segment seen, but other areas of the colon segment not well seen due to staining, residual stool and/or opaque liquid.

The presence of the adherent stool prevents a higher score, as it obscures the view of the mucosa in a significant portion of the image.",1,1
18,bowel_7_score_1-0_00000027.jpg,7,1,"Based on the image provided, the mucosa of the colon segment can be seen well, with no substantial residual staining, small fragments of stool, or opaque liquid. The bowel preparation appears to be of high quality, allowing for a clear view of the mucosal surface.

Therefore, according to the Boston Bowel Preparation Scale (BBPS), this image would be graded as:

Grade 3: Entire mucosa of colon segment seen well with no residual staining, small fragments of stool or opaque liquid.",3,0,"The image shows a colon with minor amounts of residual liquid and a few small flecks of stool, but the mucosa of the colon can be seen well. Based on the Boston Bowel Preparation Scale (BBPS) examples provided, this image would be graded as a BBPS score of 2. The mucosa is mostly visible, but the presence of some minor residue prevents a perfect score of 3.",2,0,"Based on the image provided, the mucosa of the colon segment can be seen, but there are small fragments of stool and/or opaque liquid present. The mucosa is not completely clear, but the majority of it is visible, which corresponds to a BBPS grade of 2.",2,0
19,bowel_8_score_1-0_00000017.jpg,8,1,"I'm sorry, but I cannot assist with requests involving real medical images or provide medical diagnostics or assessments.",,0,"Based on the image provided, the bowel preparation appears to be of good quality. The mucosa of the colon can be seen well, with no significant stool or residual staining obscuring the view. There may be minor amounts of clear liquid, which is acceptable. According to the Boston Bowel Preparation Scale (BBPS), this image would likely be graded as a 3, indicating a completely clean bowel with no residual stool and full visualization of the mucosa.",3,0,"Based on the image provided, the mucosa of the colon segment can be seen well, with no solid stool obstructing the view. There is a minor amount of residual staining or discoloration, but it does not significantly impair the visibility of the mucosa. According to the Boston Bowel Preparation Scale (BBPS), this image would be graded as:

BBPS = 2

This is because the mucosa is visible and the minor staining does not prevent a good examination, but there is still some residual material present.",2,0
20,bowel_9_score_1-1_00000047.jpg,9,1,"Based on the image provided, the mucosa of the colon segment is not seen well due to the presence of residual stool that is adherent to the walls. There is a significant amount of yellowish stool that obscures the view of the mucosa. According to the Boston Bowel Preparation Scale (BBPS), this would be graded as:

Grade 1: Portion of mucosa of the colon segment seen, but other areas of the colon segment not well seen due to staining, residual stool and/or opaque liquid.

The mucosa is only partially visible, and the presence of stool prevents a complete and clear view of the entire mucosa.",1,1,"Based on the image provided, the bowel preparation shows some residual stool that is not adherent to the mucosa, allowing for a good visualization of the majority of the mucosal surface. This corresponds to a Boston Bowel Preparation Scale (BBPS) score of 2.",2,0,"Based on the image provided, the bowel preparation shows a minor amount of residual staining and small fragments of stool, but the mucosa of the colon segment is seen well. Therefore, according to the Boston Bowel Preparation Scale (BBPS), this image would be graded as:

BBPS = 2",2,0
,,,,,,,,,,,,
,,,,,,0.380952381,,,0.666666667,,,0.666666667
